Sitting_Date,Version,Date_Added
1955-04-22,1,2023-03-13
1955-04-26,1,2023-03-13
1955-04-27,1,2023-03-13
1955-05-16,1,2023-03-13
1955-05-25,1,2023-03-13
1955-06-29,1,2023-03-13
1955-07-22,1,2023-03-13
1955-07-25,1,2023-03-13
1955-07-26,1,2023-03-13
1955-08-02,1,2023-03-13
1955-08-18,1,2023-03-13
1955-08-24,1,2023-03-13
1955-08-25,1,2023-03-13
1955-09-21,1,2023-03-13
1955-09-22,1,2023-03-13
1955-10-12,1,2023-03-13
1955-11-07,1,2023-03-13
1955-11-09,1,2023-03-13
1955-11-21,1,2023-03-13
1955-11-22,1,2023-03-13
1955-11-23,1,2023-03-13
1955-11-24,1,2023-03-13
1955-11-25,1,2023-03-13
1956-02-08,1,2023-03-13
1956-02-09,1,2023-03-13
1956-02-10,1,2023-03-13
1956-03-07,1,2023-03-13
1956-04-04,1,2023-03-13
1956-04-05,1,2023-03-13
1956-04-12,1,2023-03-13
1956-06-06,1,2023-03-13
1956-06-07,1,2023-03-13
1956-08-29,1,2023-03-13
1956-09-05,1,2023-03-13
1956-09-06,1,2023-03-13
1956-09-07,1,2023-03-13
1956-10-03,1,2023-03-13
1956-10-04,1,2023-03-13
1956-11-05,1,2023-03-13
1956-11-06,1,2023-03-13
1956-11-07,1,2023-03-13
1956-11-19,1,2023-03-13
1956-11-20,1,2023-03-13
1956-11-21,1,2023-03-13
1956-11-22,1,2023-03-13
1956-11-23,1,2023-03-13
1956-12-05,1,2023-03-13
1956-12-06,1,2023-03-13
1957-01-09,1,2023-03-13
1957-01-10,1,2023-03-13
1957-02-13,1,2023-03-13
1957-03-05,1,2023-03-13
1957-04-24,1,2023-03-13
1957-04-25,1,2023-03-13
1957-04-26,1,2023-03-13
1957-04-27,1,2023-03-13
1957-04-29,1,2023-03-13
1957-04-30,1,2023-03-13
1957-05-22,1,2023-03-13
1957-06-19,1,2023-03-13
1957-07-17,1,2023-03-13
1957-07-18,1,2023-03-13
1957-07-25,1,2023-03-13
1957-07-26,1,2023-03-13
1957-07-29,1,2023-03-13
1957-07-30,1,2023-03-13
1957-08-21,1,2023-03-13
1957-09-11,1,2023-03-13
1957-09-12,1,2023-03-13
1957-10-16,1,2023-03-13
1957-11-18,1,2023-03-13
1957-12-04,1,2023-03-13
1957-12-13,1,2023-03-13
1957-12-16,1,2023-03-13
1957-12-17,1,2023-03-13
1957-12-18,1,2023-03-13
1957-12-19,1,2023-03-13
1957-12-20,1,2023-03-13
1958-01-08,1,2023-03-13
1958-04-09,1,2023-03-13
1958-04-22,1,2023-03-13
1958-04-23,1,2023-03-13
1958-04-24,1,2023-03-13
1958-06-11,1,2023-03-13
1958-07-16,1,2023-03-13
1958-08-13,1,2023-03-13
1958-09-10,1,2023-03-13
1958-10-08,1,2023-03-13
1958-11-05,1,2023-03-13
1958-12-03,1,2023-03-13
1958-12-04,1,2023-03-13
1958-12-12,1,2023-03-13
1958-12-15,1,2023-03-13
1958-12-16,1,2023-03-13
1958-12-17,1,2023-03-13
1958-12-18,1,2023-03-13
1959-01-21,1,2023-03-13
1959-01-22,1,2023-03-13
1959-01-26,1,2023-03-13
1959-01-27,1,2023-03-13
1959-02-11,1,2023-03-13
1959-03-03,1,2023-03-13
1959-03-04,1,2023-03-13
1959-03-18,1,2023-03-13
1959-03-19,1,2023-03-13
1959-07-01,1,2023-03-13
1959-07-15,1,2023-03-13
1959-07-16,1,2023-03-13
1959-07-17,1,2023-03-13
1959-07-20,1,2023-03-13
1959-07-21,1,2023-03-13
1959-08-13,1,2023-03-13
1959-08-14,1,2023-03-13
1959-09-02,1,2023-03-13
1959-09-22,1,2023-03-13
1959-10-14,1,2023-03-13
1959-11-11,1,2023-03-13
1959-11-25,1,2023-03-13
1959-12-10,1,2023-03-13
1959-12-11,1,2023-03-13
1959-12-12,1,2023-03-13
1959-12-13,1,2023-03-13
1959-12-14,1,2023-03-13
1959-12-29,1,2023-03-13
1960-01-13,1,2023-03-13
1960-01-14,1,2023-03-13
1960-02-10,1,2023-03-13
1960-02-12,1,2023-03-13
1960-02-13,1,2023-03-13
1960-03-02,1,2023-03-13
1960-04-06,1,2023-03-13
1960-04-07,1,2023-03-13
1960-05-11,1,2023-03-13
1960-05-12,1,2023-03-13
1960-05-13,1,2023-03-13
1960-05-16,1,2023-03-13
1960-06-01,1,2023-03-13
1960-07-20,1,2023-03-13
1960-08-03,1,2023-03-13
1960-08-04,1,2023-03-13
1960-08-05,1,2023-03-13
1960-08-08,1,2023-03-13
1960-08-09,1,2023-03-13
1960-08-10,1,2023-03-13
1960-08-11,1,2023-03-13
1960-09-21,1,2023-03-13
1960-10-20,1,2023-03-13
1960-11-16,1,2023-03-13
1960-11-29,1,2023-03-13
1960-12-08,1,2023-03-13
1960-12-09,1,2023-03-13
1960-12-10,1,2023-03-13
1960-12-12,1,2023-03-13
1960-12-13,1,2023-03-13
1960-12-14,1,2023-03-13
1960-12-15,1,2023-03-13
1960-12-19,1,2023-03-13
1960-12-23,1,2023-03-13
1960-12-29,1,2023-03-13
1961-01-11,1,2023-03-13
1961-02-22,1,2023-03-13
1961-03-01,1,2023-03-13
1961-03-02,1,2023-03-13
1961-03-22,1,2023-03-13
1961-04-12,1,2023-03-13
1961-04-13,1,2023-03-13
1961-04-26,1,2023-03-13
1961-05-24,1,2023-03-13
1961-05-31,1,2023-03-13
1961-06-14,1,2023-03-13
1961-07-20,1,2023-03-13
1961-10-31,1,2023-03-13
1961-11-16,1,2023-03-13
1961-11-17,1,2023-03-13
1961-11-20,1,2023-03-13
1961-11-21,1,2023-03-13
1961-11-22,1,2023-03-13
1961-11-23,1,2023-03-13
1961-11-24,1,2023-03-13
1961-11-27,1,2023-03-13
1961-11-28,1,2023-03-13
1961-11-29,1,2023-03-13
1961-11-30,1,2023-03-13
1961-12-01,1,2023-03-13
1961-12-04,1,2023-03-13
1961-12-05,1,2023-03-13
1961-12-06,1,2023-03-13
1961-12-07,1,2023-03-13
1961-12-08,1,2023-03-13
1961-12-09,1,2023-03-13
1961-12-11,1,2023-03-13
1961-12-12,1,2023-03-13
1961-12-13,1,2023-03-13
1961-12-14,1,2023-03-13
1961-12-15,1,2023-03-13
1961-12-16,1,2023-03-13
1961-12-18,1,2023-03-13
1961-12-19,1,2023-03-13
1961-12-20,1,2023-03-13
1961-12-21,1,2023-03-13
1962-01-15,1,2023-03-13
1962-01-16,1,2023-03-13
1962-01-17,1,2023-03-13
1962-01-18,1,2023-03-13
1962-01-19,1,2023-03-13
1962-01-23,1,2023-03-13
1962-01-24,1,2023-03-13
1962-01-25,1,2023-03-13
1962-01-26,1,2023-03-13
1962-01-29,1,2023-03-13
1962-01-30,1,2023-03-13
1962-03-14,1,2023-03-13
1962-03-15,1,2023-03-13
1962-03-16,1,2023-03-13
1962-03-19,1,2023-03-13
1962-03-20,1,2023-03-13
1962-03-21,1,2023-03-13
1962-03-26,1,2023-03-13
1962-04-17,1,2023-03-13
1962-04-18,1,2023-03-13
1962-06-27,1,2023-03-13
1962-06-28,1,2023-03-13
1962-06-29,1,2023-03-13
1962-07-02,1,2023-03-13
1962-07-03,1,2023-03-13
1962-07-04,1,2023-03-13
1962-07-05,1,2023-03-13
1962-07-06,1,2023-03-13
1962-07-09,1,2023-03-13
1962-07-10,1,2023-03-13
1962-07-11,1,2023-03-13
1962-07-12,1,2023-03-13
1962-07-13,1,2023-03-13
1962-09-05,1,2023-03-13
1963-03-27,1,2023-03-13
1963-04-05,1,2023-03-13
1963-04-08,1,2023-03-13
1963-04-09,1,2023-03-13
1963-06-07,1,2023-03-13
1963-06-10,1,2023-03-13
1963-06-11,1,2023-03-13
1963-06-12,1,2023-03-13
1963-06-13,1,2023-03-13
1963-06-14,1,2023-03-13
1963-06-15,1,2023-03-13
1963-07-24,1,2023-03-13
1963-07-25,1,2023-03-13
1963-07-26,1,2023-03-13
1963-07-29,1,2023-03-13
1963-07-30,1,2023-03-13
1963-07-31,1,2023-03-13
1963-08-01,1,2023-03-13
1963-10-22,1,2023-03-13
1963-11-28,1,2023-03-13
1963-11-29,1,2023-03-13
1963-12-09,1,2023-03-13
1963-12-10,1,2023-03-13
1963-12-11,1,2023-03-13
1963-12-12,1,2023-03-13
1963-12-13,1,2023-03-13
1963-12-14,1,2023-03-13
1963-12-16,1,2023-03-13
1963-12-17,1,2023-03-13
1963-12-18,1,2023-03-13
1963-12-19,1,2023-03-13
1963-12-20,1,2023-03-13
1964-06-10,1,2023-03-13
1964-11-02,1,2023-03-13
1964-11-04,1,2023-03-13
1964-11-05,1,2023-03-13
1964-11-12,1,2023-03-13
1964-11-13,1,2023-03-13
1964-11-16,1,2023-03-13
1964-11-17,1,2023-03-13
1964-11-18,1,2023-03-13
1964-11-19,1,2023-03-13
1965-06-16,1,2023-03-13
1965-12-08,1,2023-03-13
1965-12-13,1,2023-03-13
1965-12-14,1,2023-03-13
1965-12-15,1,2023-03-13
1965-12-16,1,2023-03-13
1965-12-17,1,2023-03-13
1965-12-20,1,2023-03-13
1965-12-21,1,2023-03-13
1965-12-22,1,2023-03-13
1965-12-23,1,2023-03-13
1965-12-24,1,2023-03-13
1965-12-28,1,2023-03-13
1965-12-29,1,2023-03-13
1965-12-30,1,2023-03-13
1965-12-31,1,2023-03-13
1966-02-23,1,2023-03-13
1966-04-21,1,2023-03-13
1966-06-22,1,2023-03-13
1966-08-17,1,2023-03-13
1966-08-26,1,2023-03-13
1966-10-26,1,2023-03-13
1966-12-05,1,2023-03-13
1966-12-12,1,2023-03-13
1966-12-14,1,2023-03-13
1966-12-15,1,2023-03-13
1966-12-16,1,2023-03-13
1966-12-19,1,2023-03-13
1966-12-20,1,2023-03-13
1966-12-21,1,2023-03-13
1967-02-27,1,2023-03-13
1967-03-13,1,2023-03-13
1967-03-14,1,2023-03-13
1967-03-15,1,2023-03-13
1967-03-16,1,2023-03-13
1967-03-17,1,2023-03-13
1967-05-24,1,2023-03-13
1967-06-29,1,2023-03-13
1967-09-07,1,2023-03-13
1967-09-08,1,2023-03-13
1967-10-31,1,2023-03-13
1967-11-02,1,2023-03-13
1967-11-14,1,2023-03-13
1967-11-30,1,2023-03-13
1967-12-05,1,2023-03-13
1967-12-11,1,2023-03-13
1967-12-14,1,2023-03-13
1967-12-15,1,2023-03-13
1967-12-18,1,2023-03-13
1967-12-19,1,2023-03-13
1967-12-20,1,2023-03-13
1967-12-21,1,2023-03-13
1968-01-24,1,2023-03-13
1968-05-06,1,2023-03-13
1968-05-09,1,2023-03-13
1968-05-10,1,2023-03-13
1968-05-13,1,2023-03-13
1968-05-14,1,2023-03-13
1968-05-15,1,2023-03-13
1968-05-21,1,2023-03-13
1968-05-22,1,2023-03-13
1968-07-10,1,2023-03-13
1968-07-11,1,2023-03-13
1968-07-12,1,2023-03-13
1968-07-15,1,2023-03-13
1968-07-31,1,2023-03-13
1968-08-01,1,2023-03-13
1968-12-03,1,2023-03-13
1968-12-09,1,2023-03-13
1968-12-12,1,2023-03-13
1968-12-13,1,2023-03-13
1968-12-16,1,2023-03-13
1968-12-17,1,2023-03-13
1968-12-18,1,2023-03-13
1968-12-19,1,2023-03-13
1968-12-20,1,2023-03-13
1968-12-23,1,2023-03-13
1969-04-08,1,2023-03-13
1969-04-09,1,2023-03-13
1969-04-10,1,2023-03-13
1969-06-11,1,2023-03-13
1969-06-12,1,2023-03-13
1969-10-15,1,2023-03-13
1969-12-22,1,2023-03-13
1969-12-23,1,2023-03-13
1969-12-29,1,2023-03-13
1970-01-27,1,2023-03-13
1970-03-09,1,2023-03-13
1970-03-17,1,2023-03-13
1970-03-18,1,2023-03-13
1970-03-19,1,2023-03-13
1970-03-20,1,2023-03-13
1970-03-23,1,2023-03-13
1970-03-24,1,2023-03-13
1970-03-25,1,2023-03-13
1970-03-26,1,2023-03-13
1970-03-30,1,2023-03-13
1970-05-07,1,2023-03-13
1970-05-21,1,2023-03-13
1970-06-26,1,2023-03-13
1970-07-22,1,2023-03-13
1970-09-02,1,2023-03-13
1970-11-04,1,2023-03-13
1970-12-30,1,2023-03-13
1971-01-11,1,2023-03-13
1971-03-08,1,2023-03-13
1971-03-16,1,2023-03-13
1971-03-17,1,2023-03-13
1971-03-18,1,2023-03-13
1971-03-19,1,2023-03-13
1971-03-22,1,2023-03-13
1971-03-23,1,2023-03-13
1971-03-24,1,2023-03-13
1971-03-25,1,2023-03-13
1971-03-26,1,2023-03-13
1971-03-29,1,2023-03-13
1971-07-21,1,2023-03-13
1971-07-30,1,2023-03-13
1971-08-02,1,2023-03-13
1971-08-03,1,2023-03-13
1971-08-04,1,2023-03-13
1971-08-05,1,2023-03-13
1971-10-19,1,2023-03-13
1971-12-02,1,2023-03-13
1972-03-07,1,2023-03-13
1972-03-16,1,2023-03-13
1972-03-17,1,2023-03-13
1972-03-20,1,2023-03-13
1972-03-21,1,2023-03-13
1972-03-22,1,2023-03-13
1972-03-23,1,2023-03-13
1972-03-24,1,2023-03-13
1972-03-27,1,2023-03-13
1972-03-28,1,2023-03-13
1972-06-02,1,2023-03-13
1972-10-12,1,2023-03-13
1972-10-16,1,2023-03-13
1972-10-17,1,2023-03-13
1972-10-24,1,2023-03-13
1972-10-25,1,2023-03-13
1972-10-26,1,2023-03-13
1972-11-03,1,2023-03-13
1972-11-22,1,2023-03-13
1973-02-16,1,2023-03-13
1973-02-26,1,2023-03-13
1973-03-07,1,2023-03-13
1973-03-08,1,2023-03-13
1973-03-12,1,2023-03-13
1973-03-13,1,2023-03-13
1973-03-14,1,2023-03-13
1973-03-15,1,2023-03-13
1973-03-16,1,2023-03-13
1973-03-19,1,2023-03-13
1973-03-20,1,2023-03-13
1973-07-11,1,2023-03-13
1973-07-25,1,2023-03-13
1973-07-26,1,2023-03-13
1973-08-28,1,2023-03-13
1973-11-30,1,2023-03-13
1973-12-18,1,2023-03-13
1974-03-04,1,2023-03-13
1974-03-14,1,2023-03-13
1974-03-15,1,2023-03-13
1974-03-18,1,2023-03-13
1974-03-19,1,2023-03-13
1974-03-20,1,2023-03-13
1974-03-21,1,2023-03-13
1974-03-22,1,2023-03-13
1974-03-25,1,2023-03-13
1974-03-26,1,2023-03-13
1974-03-27,1,2023-03-13
1974-08-28,1,2023-03-13
1974-10-23,1,2023-03-13
1974-11-06,1,2023-03-13
1975-02-21,1,2023-03-13
1975-02-25,1,2023-03-13
1975-02-26,1,2023-03-13
1975-02-27,1,2023-03-13
1975-03-03,1,2023-03-13
1975-03-17,1,2023-03-13
1975-03-18,1,2023-03-13
1975-03-19,1,2023-03-13
1975-03-20,1,2023-03-13
1975-03-21,1,2023-03-13
1975-03-24,1,2023-03-13
1975-03-25,1,2023-03-13
1975-03-26,1,2023-03-13
1975-03-27,1,2023-03-13
1975-07-29,1,2023-03-13
1975-08-19,1,2023-03-13
1975-11-11,1,2023-03-13
1975-11-20,1,2023-03-13
1976-03-01,1,2023-03-13
1976-03-15,1,2023-03-13
1976-03-16,1,2023-03-13
1976-03-17,1,2023-03-13
1976-03-18,1,2023-03-13
1976-03-19,1,2023-03-13
1976-03-22,1,2023-03-13
1976-03-23,1,2023-03-13
1976-03-24,1,2023-03-13
1976-03-25,1,2023-03-13
1976-07-23,1,2023-03-13
1976-09-03,1,2023-03-13
1976-11-24,1,2023-03-13
1977-02-07,1,2023-03-13
1977-02-08,1,2023-03-13
1977-02-14,1,2023-03-13
1977-02-15,1,2023-03-13
1977-02-16,1,2023-03-13
1977-02-21,1,2023-03-13
1977-02-22,1,2023-03-13
1977-02-23,1,2023-03-13
1977-02-24,1,2023-03-13
1977-02-28,1,2023-03-13
1977-03-11,1,2023-03-13
1977-03-14,1,2023-03-13
1977-03-15,1,2023-03-13
1977-03-16,1,2023-03-13
1977-03-17,1,2023-03-13
1977-03-18,1,2023-03-13
1977-03-21,1,2023-03-13
1977-03-22,1,2023-03-13
1977-03-23,1,2023-03-13
1977-05-27,1,2023-03-13
1977-06-29,1,2023-03-13
1977-09-02,1,2023-03-13
1977-11-09,1,2023-03-13
1978-01-31,1,2023-03-13
1978-02-17,1,2023-03-13
1978-02-27,1,2023-03-13
1978-03-13,1,2023-03-13
1978-03-14,1,2023-03-13
1978-03-15,1,2023-03-13
1978-03-16,1,2023-03-13
1978-03-17,1,2023-03-13
1978-03-20,1,2023-03-13
1978-03-21,1,2023-03-13
1978-03-22,1,2023-03-13
1978-03-23,1,2023-03-13
1978-04-07,1,2023-03-13
1978-06-14,1,2023-03-13
1978-07-31,1,2023-03-13
1978-12-26,1,2023-03-13
1978-12-29,1,2023-03-13
1979-01-10,1,2023-03-13
1979-01-11,1,2023-03-13
1979-01-12,1,2023-03-13
1979-01-15,1,2023-03-13
1979-03-05,1,2023-03-13
1979-03-14,1,2023-03-13
1979-03-15,1,2023-03-13
1979-03-16,1,2023-03-13
1979-03-19,1,2023-03-13
1979-03-20,1,2023-03-13
1979-03-21,1,2023-03-13
1979-03-22,1,2023-03-13
1979-03-23,1,2023-03-13
1979-03-27,1,2023-03-13
1979-03-28,1,2023-03-13
1979-03-29,1,2023-03-13
1979-03-30,1,2023-03-13
1979-05-15,1,2023-03-13
1979-09-07,1,2023-03-13
1979-09-21,1,2023-03-13
1979-12-11,1,2023-03-13
1980-02-26,1,2023-03-13
1980-03-05,1,2023-03-13
1980-03-14,1,2023-03-13
1980-03-17,1,2023-03-13
1980-03-18,1,2023-03-13
1980-03-19,1,2023-03-13
1980-03-20,1,2023-03-13
1980-03-21,1,2023-03-13
1980-03-24,1,2023-03-13
1980-03-25,1,2023-03-13
1980-06-25,1,2023-03-13
1980-07-29,1,2023-03-13
1980-10-31,1,2023-03-13
1980-11-28,1,2023-03-13
1981-02-03,1,2023-03-13
1981-02-17,1,2023-03-13
1981-02-18,1,2023-03-13
1981-02-19,1,2023-03-13
1981-02-20,1,2023-03-13
1981-03-06,1,2023-03-13
1981-03-16,1,2023-03-13
1981-03-17,1,2023-03-13
1981-03-18,1,2023-03-13
1981-03-19,1,2023-03-13
1981-03-20,1,2023-03-13
1981-03-23,1,2023-03-13
1981-03-24,1,2023-03-13
1981-03-25,1,2023-03-13
1981-03-26,1,2023-03-13
1981-06-12,1,2023-03-13
1981-06-15,1,2023-03-13
1981-07-21,1,2023-03-13
1981-08-14,1,2023-03-13
1981-10-23,1,2023-03-13
1981-12-22,1,2023-03-13
1982-03-03,1,2023-03-13
1982-03-05,1,2023-03-13
1982-03-15,1,2023-03-13
1982-03-16,1,2023-03-13
1982-03-17,1,2023-03-13
1982-03-18,1,2023-03-13
1982-03-19,1,2023-03-13
1982-03-22,1,2023-03-13
1982-03-23,1,2023-03-13
1982-03-24,1,2023-03-13
1982-03-25,1,2023-03-13
1982-03-26,1,2023-03-13
1982-07-27,1,2023-03-13
1982-08-31,1,2023-03-13
1982-12-03,1,2023-03-13
1983-03-04,1,2023-03-13
1983-03-14,1,2023-03-13
1983-03-15,1,2023-03-13
1983-03-16,1,2023-03-13
1983-03-17,1,2023-03-13
1983-03-18,1,2023-03-13
1983-03-21,1,2023-03-13
1983-03-22,1,2023-03-13
1983-03-23,1,2023-03-13
1983-03-24,1,2023-03-13
1983-08-30,1,2023-03-13
1983-08-31,1,2023-03-13
1983-12-20,1,2023-03-13
1984-01-17,1,2023-03-13
1984-03-02,1,2023-03-13
1984-03-12,1,2023-03-13
1984-03-13,1,2023-03-13
1984-03-14,1,2023-03-13
1984-03-15,1,2023-03-13
1984-03-16,1,2023-03-13
1984-03-19,1,2023-03-13
1984-03-20,1,2023-03-13
1984-06-29,1,2023-03-13
1984-07-02,1,2023-03-13
1984-07-03,1,2023-03-13
1984-07-24,1,2023-03-13
1984-07-25,1,2023-03-13
1984-07-26,1,2023-03-13
1984-08-24,1,2023-03-13
1984-10-19,1,2023-03-13
1984-11-20,1,2023-03-13
1985-02-25,1,2023-03-13
1985-03-01,1,2023-03-13
1985-03-04,1,2023-03-13
1985-03-05,1,2023-03-13
1985-03-06,1,2023-03-13
1985-03-07,1,2023-03-13
1985-03-08,1,2023-03-13
1985-03-18,1,2023-03-13
1985-03-19,1,2023-03-13
1985-03-20,1,2023-03-13
1985-03-21,1,2023-03-13
1985-03-22,1,2023-03-13
1985-03-23,1,2023-03-13
1985-03-25,1,2023-03-13
1985-03-26,1,2023-03-13
1985-03-27,1,2023-03-13
1985-03-28,1,2023-03-13
1985-03-29,1,2023-03-13
1985-05-14,1,2023-03-13
1985-05-15,1,2023-03-13
1985-07-23,1,2023-03-13
1985-08-30,1,2023-03-13
1985-08-31,1,2023-03-13
1985-10-31,1,2023-03-13
1986-01-10,1,2023-03-13
1986-02-20,1,2023-03-13
1986-02-24,1,2023-03-13
1986-02-25,1,2023-03-13
1986-02-26,1,2023-03-13
1986-02-27,1,2023-03-13
1986-02-28,1,2023-03-13
1986-03-07,1,2023-03-13
1986-03-17,1,2023-03-13
1986-03-18,1,2023-03-13
1986-03-19,1,2023-03-13
1986-03-20,1,2023-03-13
1986-03-21,1,2023-03-13
1986-03-24,1,2023-03-13
1986-03-25,1,2023-03-13
1986-03-26,1,2023-03-13
1986-03-27,1,2023-03-13
1986-03-31,1,2023-03-13
1986-05-05,1,2023-03-13
1986-07-29,1,2023-03-13
1986-07-30,1,2023-03-13
1986-07-31,1,2023-03-13
1986-08-01,1,2023-03-13
1986-08-25,1,2023-03-13
1986-09-22,1,2023-03-13
1986-10-27,1,2023-03-13
1986-12-09,1,2023-03-13
1987-01-26,1,2023-03-13
1987-01-27,1,2023-03-13
1987-03-04,1,2023-03-13
1987-03-13,1,2023-03-13
1987-03-16,1,2023-03-13
1987-03-17,1,2023-03-13
1987-03-18,1,2023-03-13
1987-03-19,1,2023-03-13
1987-03-20,1,2023-03-13
1987-03-23,1,2023-03-13
1987-03-24,1,2023-03-13
1987-03-25,1,2023-03-13
1987-03-26,1,2023-03-13
1987-05-20,1,2023-03-13
1987-07-28,1,2023-03-13
1987-07-29,1,2023-03-13
1987-08-31,1,2023-03-13
1987-11-09,1,2023-03-13
1987-11-30,1,2023-03-13
1988-01-11,1,2023-03-13
1988-01-12,1,2023-03-13
1988-01-13,1,2023-03-13
1988-01-27,1,2023-03-13
1988-02-25,1,2023-03-13
1988-03-04,1,2023-03-13
1988-03-14,1,2023-03-13
1988-03-15,1,2023-03-13
1988-03-16,1,2023-03-13
1988-03-17,1,2023-03-13
1988-03-18,1,2023-03-13
1988-03-21,1,2023-03-13
1988-03-22,1,2023-03-13
1988-03-23,1,2023-03-13
1988-03-24,1,2023-03-13
1988-03-25,1,2023-03-13
1988-03-28,1,2023-03-13
1988-03-29,1,2023-03-13
1988-03-30,1,2023-03-13
1988-05-18,1,2023-03-13
1988-05-25,1,2023-03-13
1988-05-26,1,2023-03-13
1988-05-27,1,2023-03-13
1988-05-31,1,2023-03-13
1988-06-01,1,2023-03-13
1988-06-28,1,2023-03-13
1988-06-29,1,2023-03-13
1988-07-29,1,2023-03-13
1988-08-11,1,2023-03-13
1988-08-12,1,2023-03-13
1989-01-09,1,2023-03-13
1989-01-16,1,2023-03-13
1989-01-17,1,2023-03-13
1989-01-18,1,2023-03-13
1989-01-19,1,2023-03-13
1989-01-20,1,2023-03-13
1989-01-25,1,2023-03-13
1989-01-26,1,2023-03-13
1989-02-16,1,2023-03-13
1989-02-17,1,2023-03-13
1989-03-03,1,2023-03-13
1989-03-13,1,2023-03-13
1989-03-14,1,2023-03-13
1989-03-15,1,2023-03-13
1989-03-16,1,2023-03-13
1989-03-17,1,2023-03-13
1989-03-20,1,2023-03-13
1989-03-21,1,2023-03-13
1989-03-22,1,2023-03-13
1989-03-23,1,2023-03-13
1989-03-27,1,2023-03-13
1989-03-28,1,2023-03-13
1989-03-29,1,2023-03-13
1989-04-07,1,2023-03-13
1989-05-29,1,2023-03-13
1989-05-30,1,2023-03-13
1989-07-11,1,2023-03-13
1989-08-04,1,2023-03-13
1989-08-31,1,2023-03-13
1989-10-06,1,2023-03-13
1989-11-29,1,2023-03-13
1989-11-30,1,2023-03-13
1990-01-15,1,2023-03-13
1990-02-22,1,2023-03-13
1990-02-23,1,2023-03-13
1990-02-26,1,2023-03-13
1990-03-02,1,2023-03-13
1990-03-12,1,2023-03-13
1990-03-13,1,2023-03-13
1990-03-14,1,2023-03-13
1990-03-15,1,2023-03-13
1990-03-16,1,2023-03-13
1990-03-19,1,2023-03-13
1990-03-20,1,2023-03-13
1990-03-21,1,2023-03-13
1990-03-22,1,2023-03-13
1990-03-23,1,2023-03-13
1990-03-26,1,2023-03-13
1990-03-27,1,2023-03-13
1990-03-28,1,2023-03-13
1990-03-29,1,2023-03-13
1990-06-07,1,2023-03-13
1990-06-11,1,2023-03-13
1990-06-12,1,2023-03-13
1990-06-13,1,2023-03-13
1990-07-18,1,2023-03-13
1990-08-30,1,2023-03-13
1990-10-04,1,2023-03-13
1990-10-05,1,2023-03-13
1990-11-09,1,2023-03-13
1990-12-20,1,2023-03-13
1991-01-03,1,2023-03-13
1991-01-14,1,2023-03-13
1991-01-15,1,2023-03-13
1991-02-22,1,2023-03-13
1991-02-26,1,2023-03-13
1991-02-27,1,2023-03-13
1991-02-28,1,2023-03-13
1991-03-01,1,2023-03-13
1991-03-11,1,2023-03-13
1991-03-12,1,2023-03-13
1991-03-13,1,2023-03-13
1991-03-14,1,2023-03-13
1991-03-15,1,2023-03-13
1991-03-18,1,2023-03-13
1991-03-19,1,2023-03-13
1991-03-20,1,2023-03-13
1991-03-21,1,2023-03-13
1991-03-22,1,2023-03-13
1991-05-07,1,2023-03-13
1991-06-28,1,2023-03-13
1991-07-29,1,2023-03-13
1992-01-06,1,2023-03-13
1992-01-13,1,2023-03-13
1992-01-14,1,2023-03-13
1992-01-15,1,2023-03-13
1992-01-16,1,2023-03-13
1992-02-27,1,2023-03-13
1992-02-28,1,2023-03-13
1992-03-09,1,2023-03-13
1992-03-10,1,2023-03-13
1992-03-11,1,2023-03-13
1992-03-12,1,2023-03-13
1992-03-13,1,2023-03-13
1992-03-16,1,2023-03-13
1992-03-17,1,2023-03-13
1992-03-18,1,2023-03-13
1992-03-19,1,2023-03-13
1992-03-20,1,2023-03-13
1992-05-29,1,2023-03-13
1992-07-31,1,2023-03-13
1992-09-14,1,2023-03-13
1992-11-16,1,2023-03-13
1993-01-18,1,2023-03-13
1993-02-26,1,2023-03-13
1993-03-08,1,2023-03-13
1993-03-09,1,2023-03-13
1993-03-10,1,2023-03-13
1993-03-11,1,2023-03-13
1993-03-12,1,2023-03-13
1993-03-15,1,2023-03-13
1993-03-16,1,2023-03-13
1993-03-17,1,2023-03-13
1993-03-18,1,2023-03-13
1993-03-19,1,2023-03-13
1993-04-12,1,2023-03-13
1993-04-13,1,2023-03-13
1993-05-28,1,2023-03-13
1993-07-30,1,2023-03-13
1993-08-30,1,2023-03-13
1993-08-31,1,2023-03-13
1993-10-12,1,2023-03-13
1993-10-13,1,2023-03-13
1993-10-14,1,2023-03-13
1993-11-10,1,2023-03-13
1993-11-11,1,2023-03-13
1993-11-12,1,2023-03-13
1993-12-03,1,2023-03-13
1994-01-10,1,2023-03-13
1994-01-13,1,2023-03-13
1994-01-14,1,2023-03-13
1994-01-17,1,2023-03-13
1994-01-18,1,2023-03-13
1994-02-23,1,2023-03-13
1994-03-07,1,2023-03-13
1994-03-08,1,2023-03-13
1994-03-09,1,2023-03-13
1994-03-10,1,2023-03-13
1994-03-11,1,2023-03-13
1994-03-15,1,2023-03-13
1994-03-16,1,2023-03-13
1994-03-17,1,2023-03-13
1994-03-18,1,2023-03-13
1994-03-21,1,2023-03-13
1994-05-23,1,2023-03-13
1994-07-25,1,2023-03-13
1994-07-26,1,2023-03-13
1994-07-27,1,2023-03-13
1994-08-25,1,2023-03-13
1994-08-26,1,2023-03-13
1994-10-31,1,2023-03-13
1994-11-01,1,2023-03-13
1994-11-03,1,2023-03-13
1994-12-05,1,2023-03-13
1995-01-23,1,2023-03-13
1995-03-01,1,2023-03-13
1995-03-13,1,2023-03-13
1995-03-14,1,2023-03-13
1995-03-15,1,2023-03-13
1995-03-16,1,2023-03-13
1995-03-17,1,2023-03-13
1995-03-20,1,2023-03-13
1995-03-21,1,2023-03-13
1995-03-22,1,2023-03-13
1995-03-23,1,2023-03-13
1995-05-25,1,2023-03-13
1995-05-26,1,2023-03-13
1995-07-07,1,2023-03-13
1995-08-07,1,2023-03-13
1995-09-27,1,2023-03-13
1995-11-01,1,2023-03-13
1995-11-02,1,2023-03-13
1995-11-03,1,2023-03-13
1995-12-05,1,2023-03-13
1996-01-18,1,2023-03-13
1996-01-19,1,2023-03-13
1996-02-27,1,2023-03-13
1996-02-28,1,2023-03-13
1996-03-11,1,2023-03-13
1996-03-12,1,2023-03-13
1996-03-13,1,2023-03-13
1996-03-14,1,2023-03-13
1996-03-15,1,2023-03-13
1996-03-18,1,2023-03-13
1996-03-19,1,2023-03-13
1996-03-20,1,2023-03-13
1996-03-21,1,2023-03-13
1996-05-02,1,2023-03-13
1996-05-21,1,2023-03-13
1996-05-22,1,2023-03-13
1996-05-23,1,2023-03-13
1996-07-12,1,2023-03-13
1996-08-27,1,2023-03-13
1996-10-01,1,2023-03-13
1996-10-10,1,2023-03-13
1996-10-28,1,2023-03-13
1996-11-07,1,2023-03-13
1996-12-02,1,2023-03-13
1996-12-11,1,2023-03-13
1997-05-26,1,2023-03-13
1997-06-02,1,2023-03-13
1997-06-03,1,2023-03-13
1997-06-04,1,2023-03-13
1997-06-05,1,2023-03-13
1997-07-11,1,2023-03-13
1997-07-21,1,2023-03-13
1997-07-22,1,2023-03-13
1997-07-23,1,2023-03-13
1997-07-24,1,2023-03-13
1997-07-25,1,2023-03-13
1997-07-28,1,2023-03-13
1997-07-29,1,2023-03-13
1997-07-30,1,2023-03-13
1997-07-31,1,2023-03-13
1997-08-25,1,2023-03-13
1997-10-07,1,2023-03-13
1997-11-19,1,2023-03-13
1998-01-14,1,2023-03-13
1998-01-15,1,2023-03-13
1998-02-19,1,2023-03-13
1998-02-27,1,2023-03-13
1998-03-09,1,2023-03-13
1998-03-10,1,2023-03-13
1998-03-11,1,2023-03-13
1998-03-12,1,2023-03-13
1998-03-13,1,2023-03-13
1998-03-16,1,2023-03-13
1998-03-17,1,2023-03-13
1998-03-18,1,2023-03-13
1998-03-19,1,2023-03-13
1998-03-20,1,2023-03-13
1998-04-20,1,2023-03-13
1998-06-01,1,2023-03-13
1998-06-29,1,2023-03-13
1998-06-30,1,2023-03-13
1998-07-31,1,2023-03-13
1998-08-03,1,2023-03-13
1998-09-04,1,2023-03-13
1998-10-12,1,2023-03-13
1998-11-23,1,2023-03-13
1998-11-24,1,2023-03-13
1998-11-25,1,2023-03-13
1998-11-26,1,2023-03-13
1999-01-20,1,2023-03-13
1999-02-11,1,2023-03-13
1999-02-26,1,2023-03-13
1999-03-08,1,2023-03-13
1999-03-09,1,2023-03-13
1999-03-10,1,2023-03-13
1999-03-11,1,2023-03-13
1999-03-12,1,2023-03-13
1999-03-15,1,2023-03-13
1999-03-16,1,2023-03-13
1999-03-17,1,2023-03-13
1999-03-18,1,2023-03-13
1999-04-15,1,2023-03-13
1999-05-04,1,2023-03-13
1999-05-05,1,2023-03-13
1999-05-06,1,2023-03-13
1999-07-06,1,2023-03-13
1999-08-03,1,2023-03-13
1999-08-04,1,2023-03-13
1999-08-17,1,2023-03-13
1999-08-18,1,2023-03-13
1999-09-06,1,2023-03-13
1999-10-04,1,2023-03-13
1999-10-11,1,2023-03-13
1999-10-12,1,2023-03-13
1999-10-13,1,2023-03-13
1999-11-23,1,2023-03-13
1999-11-24,1,2023-03-13
2000-01-17,1,2023-03-13
2000-02-21,1,2023-03-13
2000-02-22,1,2023-03-13
2000-02-25,1,2023-03-13
2000-03-06,1,2023-03-13
2000-03-07,1,2023-03-13
2000-03-08,1,2023-03-13
2000-03-09,1,2023-03-13
2000-03-10,1,2023-03-13
2000-03-11,1,2023-03-13
2000-03-13,1,2023-03-13
2000-03-14,1,2023-03-13
2000-03-15,1,2023-03-13
2000-03-17,1,2023-03-13
2000-04-25,1,2023-03-13
2000-05-09,1,2023-03-13
2000-05-22,1,2023-03-13
2000-05-23,1,2023-03-13
2000-06-29,1,2023-03-13
2000-06-30,1,2023-03-13
2000-07-03,1,2023-03-13
2000-08-25,1,2023-03-13
2000-10-09,1,2023-03-13
2000-11-13,1,2023-03-13
2000-11-14,1,2023-03-13
2000-11-22,1,2023-03-13
2001-01-12,1,2023-03-13
2001-02-22,1,2023-03-13
2001-02-23,1,2023-03-13
2001-03-05,1,2023-03-13
2001-03-07,1,2023-03-13
2001-03-08,1,2023-03-13
2001-03-09,1,2023-03-13
2001-03-10,1,2023-03-13
2001-03-12,1,2023-03-13
2001-03-13,1,2023-03-13
2001-03-14,1,2023-03-13
2001-03-15,1,2023-03-13
2001-03-16,1,2023-03-13
2001-04-19,1,2023-03-13
2001-04-20,1,2023-03-13
2001-05-16,1,2023-03-13
2001-07-11,1,2023-03-13
2001-07-25,1,2023-03-13
2001-08-13,1,2023-03-13
2001-09-25,1,2023-03-13
2001-10-05,1,2023-03-13
2001-10-12,1,2023-03-13
2001-10-15,1,2023-03-13
2002-03-25,1,2023-03-13
2002-04-01,1,2023-03-13
2002-04-02,1,2023-03-13
2002-04-03,1,2023-03-13
2002-04-04,1,2023-03-13
2002-04-05,1,2023-03-13
2002-05-03,1,2023-03-13
2002-05-13,1,2023-03-13
2002-05-14,1,2023-03-13
2002-05-15,1,2023-03-13
2002-05-16,1,2023-03-13
2002-05-17,1,2023-03-13
2002-05-18,1,2023-03-13
2002-05-20,1,2023-03-13
2002-05-21,1,2023-03-13
2002-05-22,1,2023-03-13
2002-05-23,1,2023-03-13
2002-05-24,1,2023-03-13
2002-07-08,1,2023-03-13
2002-07-09,1,2023-03-13
2002-07-10,1,2023-03-13
2002-07-22,1,2023-03-13
2002-07-23,1,2023-03-13
2002-08-27,1,2023-03-13
2002-08-28,1,2023-03-13
2002-10-01,1,2023-03-13
2002-10-02,1,2023-03-13
2002-10-31,1,2023-03-13
2002-11-25,1,2023-03-13
2002-11-26,1,2023-03-13
2002-11-27,1,2023-03-13
2002-12-05,1,2023-03-13
2003-01-20,1,2023-03-13
2003-01-21,1,2023-03-13
2003-01-22,1,2023-03-13
2003-01-25,1,2023-03-13
2003-02-28,1,2023-03-13
2003-03-10,1,2023-03-13
2003-03-11,1,2023-03-13
2003-03-12,1,2023-03-13
2003-03-13,1,2023-03-13
2003-03-14,1,2023-03-13
2003-03-15,1,2023-03-13
2003-03-17,1,2023-03-13
2003-03-18,1,2023-03-13
2003-03-19,1,2023-03-13
2003-03-20,1,2023-03-13
2003-03-21,1,2023-03-13
2003-04-24,1,2023-03-13
2003-04-25,1,2023-03-13
2003-06-30,1,2023-03-13
2003-08-14,1,2023-03-13
2003-08-15,1,2023-03-13
2003-08-28,1,2023-03-13
2003-08-29,1,2023-03-13
2003-09-01,1,2023-03-13
2003-09-02,1,2023-03-13
2003-10-16,1,2023-03-13
2003-11-10,1,2023-03-13
2003-11-11,1,2023-03-13
2004-01-05,1,2023-03-13
2004-01-06,1,2023-03-13
2004-02-06,1,2023-03-13
2004-02-27,1,2023-03-13
2004-03-08,1,2023-03-13
2004-03-09,1,2023-03-13
2004-03-10,1,2023-03-13
2004-03-11,1,2023-03-13
2004-03-12,1,2023-03-13
2004-03-13,1,2023-03-13
2004-03-15,1,2023-03-13
2004-03-16,1,2023-03-13
2004-03-17,1,2023-03-13
2004-03-18,1,2023-03-13
2004-03-19,1,2023-03-13
2004-04-19,1,2023-03-13
2004-04-20,1,2023-03-13
2004-05-19,1,2023-03-13
2004-06-15,1,2023-03-13
2004-07-20,1,2023-03-13
2004-09-01,1,2023-03-13
2004-09-02,1,2023-03-13
2004-09-21,1,2023-03-13
2004-10-19,1,2023-03-13
2004-11-16,1,2023-03-13
2004-11-17,1,2023-03-13
2004-11-24,1,2023-03-13
2004-11-25,1,2023-03-13
2004-11-26,1,2023-03-13
2005-01-12,1,2023-03-13
2005-01-17,1,2023-03-13
2005-01-18,1,2023-03-13
2005-01-19,1,2023-03-13
2005-01-20,1,2023-03-13
2005-01-25,1,2023-03-13
2005-02-18,1,2023-03-13
2005-02-28,1,2023-03-13
2005-03-01,1,2023-03-13
2005-03-02,1,2023-03-13
2005-03-03,1,2023-03-13
2005-03-04,1,2023-03-13
2005-03-07,1,2023-03-13
2005-03-08,1,2023-03-13
2005-03-09,1,2023-03-13
2005-03-10,1,2023-03-13
2005-03-11,1,2023-03-13
2005-04-18,1,2023-03-13
2005-04-19,1,2023-03-13
2005-04-20,1,2023-03-13
2005-04-21,1,2023-03-13
2005-05-16,1,2023-03-13
2005-07-18,1,2023-03-13
2005-07-19,1,2023-03-13
2005-07-20,1,2023-03-13
2005-07-21,1,2023-03-13
2005-08-15,1,2023-03-13
2005-09-19,1,2023-03-13
2005-10-17,1,2023-03-13
2005-10-18,1,2023-03-13
2005-11-21,1,2023-03-13
2006-01-16,1,2023-03-13
2006-01-17,1,2023-03-13
2006-02-13,1,2023-03-13
2006-02-14,1,2023-03-13
2006-02-17,1,2023-03-13
2006-02-27,1,2023-03-13
2006-02-28,1,2023-03-13
2006-03-01,1,2023-03-13
2006-03-02,1,2023-03-13
2006-03-03,1,2023-03-13
2006-03-06,1,2023-03-13
2006-03-07,1,2023-03-13
2006-03-08,1,2023-03-13
2006-03-09,1,2023-03-13
2006-04-03,1,2023-03-13
2006-11-02,1,2023-03-13
2006-11-08,1,2023-03-13
2006-11-09,1,2023-03-13
2006-11-10,1,2023-03-13
2006-11-13,1,2023-03-13
2006-11-14,1,2023-03-13
2007-01-22,1,2023-03-13
2007-01-23,1,2023-03-13
2007-02-12,1,2023-03-13
2007-02-15,1,2023-03-13
2007-02-27,1,2023-03-13
2007-02-28,1,2023-03-13
2007-03-01,1,2023-03-13
2007-03-02,1,2023-03-13
2007-03-03,1,2023-03-13
2007-03-05,1,2023-03-13
2007-03-06,1,2023-03-13
2007-03-07,1,2023-03-13
2007-03-08,1,2023-03-13
2007-03-09,1,2023-03-13
2007-04-09,1,2023-03-13
2007-04-10,1,2023-03-13
2007-04-11,1,2023-03-13
2007-04-12,1,2023-03-13
2007-05-21,1,2023-03-13
2007-05-22,1,2023-03-13
2007-07-16,1,2023-03-13
2007-07-17,1,2023-03-13
2007-08-27,1,2023-03-13
2007-09-17,1,2023-03-13
2007-09-18,1,2023-03-13
2007-09-19,1,2023-03-13
2007-09-20,1,2023-03-13
2007-10-22,1,2023-03-13
2007-10-23,1,2023-03-13
2007-11-12,1,2023-03-13
2008-01-21,1,2023-03-13
2008-01-22,1,2023-03-13
2008-02-15,1,2023-03-13
2008-02-25,1,2023-03-13
2008-02-26,1,2023-03-13
2008-02-27,1,2023-03-13
2008-02-28,1,2023-03-13
2008-02-29,1,2023-03-13
2008-03-03,1,2023-03-13
2008-03-04,1,2023-03-13
2008-03-05,1,2023-03-13
2008-03-06,1,2023-03-13
2008-04-21,1,2023-03-13
2008-04-22,1,2023-03-13
2008-05-26,1,2023-03-13
2008-07-21,1,2023-03-13
2008-08-25,1,2023-03-13
2008-08-26,1,2023-03-13
2008-08-27,1,2023-03-13
2008-09-15,1,2023-03-13
2008-09-16,1,2023-03-13
2008-10-20,1,2023-03-13
2008-10-21,1,2023-03-13
2008-11-17,1,2023-03-13
2008-11-18,1,2023-03-13
2009-01-19,1,2023-03-13
2009-01-22,1,2023-03-13
2009-02-03,1,2023-03-13
2009-02-04,1,2023-03-13
2009-02-05,1,2023-03-13
2009-02-06,1,2023-03-13
2009-02-09,1,2023-03-13
2009-02-10,1,2023-03-13
2009-02-11,1,2023-03-13
2009-02-12,1,2023-03-13
2009-02-13,1,2023-03-13
2009-03-23,1,2023-03-13
2009-03-24,1,2023-03-13
2009-04-13,1,2023-03-13
2009-05-18,1,2023-03-13
2009-05-25,1,2023-03-13
2009-05-26,1,2023-03-13
2009-05-27,1,2023-03-13
2009-05-28,1,2023-03-13
2009-05-29,1,2023-03-13
2009-07-20,1,2023-03-13
2009-08-18,1,2023-03-13
2009-08-19,1,2023-03-13
2009-09-14,1,2023-03-13
2009-09-15,1,2023-03-13
2009-10-19,1,2023-03-13
2009-11-23,1,2023-03-13
2010-01-11,1,2023-03-13
2010-01-12,1,2023-03-13
2010-02-22,1,2023-03-13
2010-03-02,1,2023-03-13
2010-03-03,1,2023-03-13
2010-03-04,1,2023-03-13
2010-03-05,1,2023-03-13
2010-03-08,1,2023-03-13
2010-03-09,1,2023-03-13
2010-03-10,1,2023-03-13
2010-03-11,1,2023-03-13
2010-03-12,1,2023-03-13
2010-04-26,1,2023-03-13
2010-04-27,1,2023-03-13
2010-05-18,1,2023-03-13
2010-05-19,1,2023-03-13
2010-07-19,1,2023-03-13
2010-08-16,1,2023-03-13
2010-09-15,1,2023-03-13
2010-09-16,1,2023-03-13
2010-10-18,1,2023-03-13
2010-11-22,1,2023-03-13
2010-11-23,1,2023-03-13
2010-11-24,1,2023-03-13
2011-01-10,1,2023-03-13
2011-01-11,1,2023-03-13
2011-01-12,1,2023-03-13
2011-02-14,1,2023-03-13
2011-02-18,1,2023-03-13
2011-02-28,1,2023-03-13
2011-03-01,1,2023-03-13
2011-03-02,1,2023-03-13
2011-03-03,1,2023-03-13
2011-03-04,1,2023-03-13
2011-03-07,1,2023-03-13
2011-03-08,1,2023-03-13
2011-03-09,1,2023-03-13
2011-03-10,1,2023-03-13
2011-04-11,1,2023-03-13
2011-10-10,1,2023-03-13
2011-10-17,1,2023-03-13
2011-10-18,1,2023-03-13
2011-10-19,1,2023-03-13
2011-10-20,1,2023-03-13
2011-10-21,1,2023-03-13
2011-11-21,1,2023-03-13
2011-11-22,1,2023-03-13
2012-01-09,1,2023-03-13
2012-01-16,1,2023-03-13
2012-01-17,1,2023-03-13
2012-01-18,1,2023-03-13
2012-02-14,1,2023-03-13
2012-02-17,1,2023-03-13
2012-02-28,1,2023-03-13
2012-02-29,1,2023-03-13
2012-03-01,1,2023-03-13
2012-03-02,1,2023-03-13
2012-03-05,1,2023-03-13
2012-03-06,1,2023-03-13
2012-03-07,1,2023-03-13
2012-03-08,1,2023-03-13
2012-03-09,1,2023-03-13
2012-04-09,1,2023-03-13
2012-05-14,1,2023-03-13
2012-07-09,1,2023-03-13
2012-07-10,1,2023-03-13
2012-08-13,1,2023-03-13
2012-09-10,2,2023-03-13
2012-09-11,2,2023-03-13
2012-10-15,2,2023-03-13
2012-10-16,2,2023-03-13
2012-11-12,2,2023-03-13
2012-11-14,2,2023-03-13
2012-11-15,2,2023-03-13
2012-11-16,2,2023-03-13
2013-01-14,2,2023-03-13
2013-02-04,2,2023-03-13
2013-02-05,2,2023-03-13
2013-02-06,2,2023-03-13
2013-02-07,2,2023-03-13
2013-02-08,2,2023-03-13
2013-02-25,2,2023-03-13
2013-03-05,2,2023-03-13
2013-03-06,2,2023-03-13
2013-03-07,2,2023-03-13
2013-03-08,2,2023-03-13
2013-03-11,2,2023-03-13
2013-03-12,2,2023-03-13
2013-03-13,2,2023-03-13
2013-03-14,2,2023-03-13
2013-03-15,2,2023-03-13
2013-04-08,2,2023-03-13
2013-05-13,2,2023-03-13
2013-07-08,2,2023-03-13
2013-07-09,2,2023-03-13
2013-08-12,2,2023-03-13
2013-09-16,2,2023-03-13
2013-10-21,2,2023-03-13
2013-11-11,2,2023-03-13
2013-11-12,2,2023-03-13
2014-01-20,2,2023-03-13
2014-01-21,2,2023-03-13
2014-02-17,2,2023-03-13
2014-02-18,2,2023-03-13
2014-02-21,2,2023-03-13
2014-03-03,2,2023-03-13
2014-03-04,2,2023-03-13
2014-03-05,2,2023-03-13
2014-03-06,2,2023-03-13
2014-03-07,2,2023-03-13
2014-03-10,2,2023-03-13
2014-03-11,2,2023-03-13
2014-03-12,2,2023-03-13
2014-03-13,2,2023-03-13
2014-04-14,2,2023-03-13
2014-05-16,2,2023-03-13
2014-05-26,2,2023-03-13
2014-05-27,2,2023-03-13
2014-05-28,2,2023-03-13
2014-05-29,2,2023-03-13
2014-05-30,2,2023-03-13
2014-07-07,2,2023-03-13
2014-07-08,2,2023-03-13
2014-07-09,2,2023-03-13
2014-08-04,2,2023-03-13
2014-08-05,2,2023-03-13
2014-09-08,2,2023-03-13
2014-09-09,2,2023-03-13
2014-10-07,2,2023-03-13
2014-10-08,2,2023-03-13
2014-11-03,2,2023-03-13
2014-11-04,2,2023-03-13
2014-11-05,2,2023-03-13
2015-01-19,2,2023-03-13
2015-01-20,2,2023-03-13
2015-01-29,2,2023-03-13
2015-01-30,2,2023-03-13
2015-02-12,2,2023-03-13
2015-02-13,2,2023-03-13
2015-02-23,2,2023-03-13
2015-03-03,2,2023-03-13
2015-03-04,2,2023-03-13
2015-03-05,2,2023-03-13
2015-03-06,2,2023-03-13
2015-03-09,2,2023-03-13
2015-03-10,2,2023-03-13
2015-03-11,2,2023-03-13
2015-03-12,2,2023-03-13
2015-03-13,2,2023-03-13
2015-03-26,2,2023-03-13
2015-04-13,2,2023-03-13
2015-05-11,2,2023-03-13
2015-07-13,2,2023-03-13
2015-07-14,2,2023-03-13
2015-08-17,2,2023-03-13
2015-08-18,2,2023-03-13
2016-01-15,2,2023-03-13
2016-01-25,2,2023-03-13
2016-01-26,2,2023-03-13
2016-01-27,2,2023-03-13
2016-01-28,2,2023-03-13
2016-01-29,2,2023-03-13
2016-02-29,2,2023-03-13
2016-03-01,2,2023-03-13
2016-03-14,2,2023-03-13
2016-03-24,2,2023-03-13
2016-04-04,2,2023-03-13
2016-04-05,2,2023-03-13
2016-04-06,2,2023-03-13
2016-04-07,2,2023-03-13
2016-04-08,2,2023-03-13
2016-04-11,2,2023-03-13
2016-04-12,2,2023-03-13
2016-04-13,2,2023-03-13
2016-04-14,2,2023-03-13
2016-05-09,2,2023-03-13
2016-07-11,2,2023-03-13
2016-08-15,2,2023-03-13
2016-08-16,2,2023-03-13
2016-09-13,2,2023-03-13
2016-10-10,2,2023-03-13
2016-11-07,2,2023-03-13
2016-11-08,2,2023-03-13
2016-11-09,2,2023-03-13
2016-11-10,2,2023-03-13
2017-01-09,2,2023-03-13
2017-01-10,2,2023-03-13
2017-02-06,2,2023-03-13
2017-02-07,2,2023-03-13
2017-02-20,2,2023-03-13
2017-02-28,2,2023-03-13
2017-03-01,2,2023-03-13
2017-03-02,2,2023-03-13
2017-03-03,2,2023-03-13
2017-03-06,2,2023-03-13
2017-03-07,2,2023-03-13
2017-03-08,2,2023-03-13
2017-03-09,2,2023-03-13
2017-03-10,2,2023-03-13
2017-04-03,2,2023-03-13
2017-04-04,2,2023-03-13
2017-05-08,2,2023-03-13
2017-07-03,2,2023-03-13
2017-07-04,2,2023-03-13
2017-08-01,2,2023-03-13
2017-09-11,2,2023-03-13
2017-10-02,2,2023-03-13
2017-10-03,2,2023-03-13
2017-11-06,2,2023-03-13
2017-11-07,2,2023-03-13
2018-01-08,2,2023-03-13
2018-01-09,2,2023-03-13
2018-01-10,2,2023-03-13
2018-02-05,2,2023-03-13
2018-02-06,2,2023-03-13
2018-02-19,2,2023-03-13
2018-02-27,2,2023-03-13
2018-02-28,2,2023-03-13
2018-03-01,2,2023-03-13
2018-03-02,2,2023-03-13
2018-03-05,2,2023-03-13
2018-03-06,2,2023-03-13
2018-03-07,2,2023-03-13
2018-03-08,2,2023-03-13
2018-03-19,2,2023-03-13
2018-03-20,2,2023-03-13
2018-03-21,2,2023-03-13
2018-05-07,2,2023-03-13
2018-05-14,2,2023-03-13
2018-05-15,2,2023-03-13
2018-05-16,2,2023-03-13
2018-05-17,2,2023-03-13
2018-05-18,2,2023-03-13
2018-07-09,2,2023-03-13
2018-07-10,2,2023-03-13
2018-07-11,2,2023-03-13
2018-08-06,2,2023-03-13
2018-09-10,2,2023-03-13
2018-10-01,2,2023-03-13
2018-10-02,2,2023-03-13
2018-11-19,2,2023-03-13
2018-11-20,2,2023-03-13
2019-01-14,2,2023-03-13
2019-01-15,2,2023-03-13
2019-02-11,2,2023-03-13
2019-02-12,2,2023-03-13
2019-02-13,2,2023-03-13
2019-02-18,2,2023-03-13
2019-02-26,2,2023-03-13
2019-02-27,2,2023-03-13
2019-02-28,2,2023-03-13
2019-03-01,2,2023-03-13
2019-03-04,2,2023-03-13
2019-03-05,2,2023-03-13
2019-03-06,2,2023-03-13
2019-03-07,2,2023-03-13
2019-03-08,2,2023-03-13
2019-04-01,2,2023-03-13
2019-05-06,2,2023-03-13
2019-05-07,2,2023-03-13
2019-05-08,2,2023-03-13
2019-07-08,2,2023-03-13
2019-08-05,2,2023-03-13
2019-08-06,2,2023-03-13
2019-09-02,2,2023-03-13
2019-09-03,2,2023-03-13
2019-09-04,2,2023-03-13
2019-10-07,2,2023-03-13
2019-11-04,2,2023-03-13
2019-11-05,2,2023-03-13
2020-01-06,2,2023-03-13
2020-02-03,2,2023-03-13
2020-02-04,2,2023-03-13
2020-02-18,2,2023-03-13
2020-02-26,2,2023-03-13
2020-02-27,2,2023-03-13
2020-02-28,2,2023-03-13
2020-03-02,2,2023-03-13
2020-03-03,2,2023-03-13
2020-03-04,2,2023-03-13
2020-03-05,2,2023-03-13
2020-03-06,2,2023-03-13
2020-03-25,2,2023-03-13
2020-03-26,2,2023-03-13
2020-04-06,2,2023-03-13
2020-04-07,2,2023-03-13
2020-05-04,2,2023-03-13
2020-05-05,2,2023-03-13
2020-05-26,2,2023-03-13
2020-06-04,2,2023-03-13
2020-06-05,2,2023-03-13
2020-08-24,2,2023-03-13
2020-08-31,2,2023-03-13
2020-09-01,2,2023-03-13
2020-09-02,2,2023-03-13
2020-09-03,2,2023-03-13
2020-09-04,2,2023-03-13
2020-10-05,2,2023-03-13
2020-10-06,2,2023-03-13
2020-10-14,2,2023-03-13
2020-10-15,2,2023-03-13
2020-11-02,2,2023-03-13
2020-11-03,2,2023-03-13
2020-11-04,2,2023-03-13
2021-01-04,2,2023-03-13
2021-01-05,2,2023-03-13
2021-02-01,2,2023-03-13
2021-02-02,2,2023-03-13
2021-02-16,2,2023-03-13
2021-02-24,2,2023-03-13
2021-02-25,2,2023-03-13
2021-02-26,2,2023-03-13
2021-03-01,2,2023-03-13
2021-03-02,2,2023-03-13
2021-03-03,2,2023-03-13
2021-03-04,2,2023-03-13
2021-03-05,2,2023-03-13
2021-03-08,2,2023-03-13
2021-04-05,2,2023-03-13
2021-05-10,2,2023-03-13
2021-05-11,2,2023-03-13
2021-07-05,2,2023-03-13
2021-07-06,2,2023-03-13
2021-07-26,2,2023-03-13
2021-07-27,2,2023-03-13
2021-08-02,2,2023-03-13
2021-08-03,2,2023-03-13
2021-09-13,2,2023-03-13
2021-09-14,2,2023-03-13
2021-10-04,2,2023-03-13
2021-10-05,2,2023-03-13
2021-11-01,2,2023-03-13
2021-11-02,2,2023-03-13
2021-11-03,2,2023-03-13
2022-01-10,2,2023-03-13
2022-01-11,2,2023-03-13
2022-01-12,2,2023-03-13
2022-02-14,2,2023-03-13
2022-02-15,2,2023-03-13
2022-02-18,2,2023-03-13
2022-02-28,2,2023-03-13
2022-03-01,2,2023-03-13
2022-03-02,2,2023-03-13
2022-03-03,2,2023-03-13
2022-03-04,2,2023-03-13
2022-03-07,2,2023-03-13
2022-03-08,2,2023-03-13
2022-03-09,2,2023-03-13
2022-03-10,2,2023-03-13
2022-03-11,2,2023-03-13
2022-04-04,2,2023-03-13
2022-04-05,2,2023-03-13
2022-05-09,2,2023-03-13
2022-07-04,2,2023-03-13
2022-07-05,2,2023-03-13
2022-08-01,2,2023-03-13
2022-08-02,2,2023-03-13
2022-09-12,2,2023-03-13
2022-09-13,2,2023-03-13
2022-10-03,2,2023-03-13
2022-10-04,2,2023-03-13
2022-10-05,2,2023-03-13
2022-10-20,2,2023-03-13
2022-11-07,2,2023-03-13
2022-11-08,2,2023-03-13
2022-11-09,2,2023-03-13
2022-11-28,2,2023-03-13
2022-11-29,2,2023-03-13
2022-11-30,2,2023-03-13
2023-01-09,2,2023-03-13
2023-01-10,2,2023-03-13
2023-02-06,2,2023-03-13
2023-02-07,2,2023-03-13
2023-02-14,2,2023-03-13
2023-02-22,2,2023-03-13
2023-02-23,2,2023-03-13
2023-02-24,2,2023-03-13
2023-02-27,2,2023-03-13
2023-02-28,2,2023-05-23
2023-03-01,2,2023-05-23
2023-03-02,2,2023-05-23
2023-03-03,2,2023-05-23
2023-03-06,2,2023-05-23
2023-03-20,2,2023-05-23
2023-03-21,2,2023-05-23
2023-03-22,2,2023-05-23
2023-04-10,2,2023-05-23
2023-04-17,2,2023-05-23
2023-04-18,2,2023-05-23
2023-04-19,2,2023-05-23
2023-04-20,2,2023-05-23
2023-04-21,2,2023-05-23
2023-05-08,2,2023-05-23
2023-05-09,2,2023-05-23
2023-05-10,2,2023-05-23
2023-07-03,2,2023-07-18
2023-07-04,2,2023-07-18
2023-07-05,2,2023-07-18
2023-07-06,2,2023-07-18
2023-08-02,2,2023-09-24
2023-08-03,2,2023-09-24
2023-09-18,2,2023-10-03
2023-09-19,2,2023-10-03
2023-10-03,2,2023-12-01
2023-10-04,2,2023-12-01
2023-11-06,2,2023-12-01
2023-11-07,2,2023-12-01
2023-11-22,2,2023-12-01
2024-01-09,2,2024-01-20
2024-01-10,2,2024-01-20
2024-02-05,2,2024-03-01
2024-02-06,2,2024-03-01
2024-02-07,2,2024-03-01
2024-02-16,2,2024-03-01
2024-02-26,2,2024-03-10
2024-02-27,2,2024-03-10
2024-02-28,2,2024-03-10
2024-02-29,2,2024-03-11
